stock,date,gap,high
코리안리,2020-04-17,1.3667,8900
대신증권우,2020-12-28,1.7094,11900
코리아에셋투자증권,2020-08-05,2.0047,8650
삼양통상,2020-08-18,2.6627,69400
세아홀딩스,2020-12-09,2.8786,82200
대신증권2우B,2020-12-28,3.1818,11350
NH투자증권우,2020-12-28,3.6424,9390
코텍,2020-06-09,3.9216,10600
금화피에스시,2020-08-18,3.9587,30200
맵스리얼티1,2020-03-16,4.2118,4330
삼성카드,2020-12-22,4.386,35700
진로발효,2020-05-25,4.5234,32350
동남합성,2020-12-28,5.0,52500
GST,2020-07-15,5.0808,22750
신세계푸드,2020-05-14,5.4886,78800
부국증권우,2020-11-23,5.5276,21000
JTC,2020-12-03,5.641,6180
퍼시스,2020-12-11,5.7047,31500
GKL,2020-12-11,5.8309,18150
오리온홀딩스,2020-05-15,5.9441,15150
골프존,2020-07-28,6.0209,81000
인바디,2020-05-11,6.1538,20700
맥쿼리인프라,2020-06-01,6.2222,11950
우리금융지주,2020-06-04,6.4356,10750
씨큐브,2020-05-29,6.4593,8900
동성코퍼레이션,2020-12-21,6.5196,5310
유니켐,2020-04-29,6.6038,1695
골프존뉴딘홀딩스,2020-11-06,6.7821,7400
케이프이에스제4호,2020-06-22,6.8127,2195
이상네트웍스,2020-11-16,6.9677,8290
이니텍,2020-07-09,7.0727,5450
쌍용양회,2020-12-11,7.2254,7420
인포바인,2020-03-31,7.5,21500
신한지주,2020-06-04,7.5284,37850
오뚜기,2020-08-12,7.5472,627000
신세계인터내셔날,2020-04-28,7.5795,220000
코스맥스,2020-10-12,7.5949,127500
한화손해보험,2020-12-07,7.6747,4700
미래에셋생명,2020-09-10,7.7106,4540
에스제이그룹,2020-06-15,7.7689,24248
제룡산업,2020-12-17,8.1395,7440
이녹스첨단소재,2020-09-15,8.1853,53119
한국토지신탁,2020-12-21,8.2126,2240
아시아경제,2020-10-14,8.2222,2435
정상제이엘에스,2020-11-12,8.453,6800
크리스에프앤씨,2020-09-04,8.4646,27550
제일기획,2020-10-15,8.4706,23050
SNT에너지,2020-06-08,8.4848,17900
노랑풍선,2020-11-17,8.4942,28100
신세계 I&C,2020-09-14,8.6207,157500
와이지-원,2020-11-25,8.631,7300
SPC삼립,2020-05-07,8.6538,79100
동방아그로,2020-08-06,8.7278,7350
GS우,2020-06-19,8.75,34800
바다로19호,2020-07-20,8.8477,2645
금호타이어,2020-09-17,8.9059,4280
이스트소프트,2020-10-05,9.1772,10350
한국자산신탁,2020-12-22,9.441,4405
삼익악기,2020-06-04,9.4937,1730
코스메카코리아,2020-08-13,9.5406,15500
정산애강,2020-07-20,9.5571,2350
용평리조트,2020-05-25,9.7804,5500
S&TC,2020-06-08,9.816,17900
신송홀딩스,2020-12-17,10.0446,4930
성창기업지주,2020-12-22,10.1053,2615
보해양조,2020-12-09,10.1449,1140
SBS콘텐츠허브,2020-06-23,10.2719,7300
지란지교시큐리티,2020-05-18,10.2773,6760
이루온,2020-04-02,10.303,1820
동아엘텍,2020-10-13,10.4461,10150
승일,2020-06-08,10.5717,10250
영원무역홀딩스,2020-06-03,10.5968,45400
대성에너지,2020-09-16,10.7955,5850
에스티아이,2020-07-23,10.9948,21200
동성화인텍,2020-11-25,11.1111,13000
드림시큐리티,2020-09-17,11.2372,4900
이오테크닉스,2020-08-10,11.3322,128700
엔피케이,2020-12-21,11.4078,2295
아나패스,2020-09-09,11.5028,30050
기업은행,2020-06-04,11.5385,10150
삼성화재,2020-11-19,11.5789,212000
KT&G,2020-06-03,11.596,89500
한국큐빅,2020-12-30,11.6822,4780
세아제강지주,2020-09-08,11.7584,51800
에이치엔티,2020-03-23,11.9792,2150
남해화학,2020-08-10,12.1759,9950
광주신세계,2020-10-08,12.3839,181500
신일전자,2020-05-20,12.3894,2540
한국패러랠,2020-03-16,12.532,2200
KSS해운,2020-11-12,12.6168,12050
삼천리,2020-09-10,12.8205,92400
매일홀딩스,2020-05-14,12.8293,9850
우진아이엔에스,2020-08-24,12.87,8770
대원화성,2020-05-27,12.9114,2230
동성화학,2020-06-05,12.963,18300
진바이오텍,2020-08-06,12.9688,7230
일진파워,2020-09-16,13.1387,6200
브리지텍,2020-08-27,13.2005,4545
글로벌텍스프리,2020-12-04,13.2075,3600
블러썸엠앤씨,2020-04-09,13.2821,5160
무학,2020-09-17,13.2948,7840
유성티엔에스,2020-12-17,13.3034,3790
현대홈쇼핑,2020-12-16,13.3333,88400
우리손에프앤지,2020-06-02,13.3479,2590
미래에셋대우2우B,2020-08-11,13.3558,5050
쎌마테라퓨틱스,2020-07-27,13.4409,10550
피앤씨테크,2020-10-13,13.4752,8000
삼일기업공사,2020-12-24,13.5021,5380
한라IMS,2020-06-04,13.5521,7960
코웰패션,2020-09-15,13.7931,6930
삼일,2020-12-11,13.8952,2500
노바렉스,2020-08-10,13.9303,45800
고려신용정보,2020-05-18,13.9423,7110
화승인더,2020-06-03,13.9825,9130
화성밸브,2020-06-04,14.0,6840
시디즈,2020-08-18,14.0323,70700
예림당,2020-12-17,14.1707,3545
동부건설,2020-12-11,14.1732,14500
코메론,2020-09-16,14.2077,10450
SM C&C,2020-07-03,14.245,2005
한일사료,2020-05-28,14.3979,2185
드림어스컴퍼니,2020-12-11,14.5191,6310
멀티캠퍼스,2020-10-26,14.5401,38600
유안타증권우,2020-06-18,14.652,3130
유티아이,2020-05-12,14.7849,21350
태경산업,2020-11-12,14.8021,6670
LG생활건강우,2020-08-14,14.8415,797000
HDC,2020-09-14,14.8649,12750
서진오토모티브,2020-10-23,14.9007,3470
지역난방공사,2020-05-18,14.9215,43900
화천기공,2020-05-08,15.0388,37100
흥아해운,2020-03-27,15.1163,297
삼익THK,2020-09-21,15.1751,14800
인산가,2020-09-17,15.3453,2255
혜인,2020-05-27,15.4742,6940
에스넷,2020-09-09,15.493,8200
중앙백신,2020-09-17,15.5224,19350
한국특수형강,2020-12-04,15.5914,2150
고려아연,2020-08-07,15.5941,467000
이엠넷,2020-08-12,15.6093,5740
애경산업,2020-04-28,15.6436,29200
넥센,2020-05-08,15.8576,5370
유니트론텍,2020-10-14,15.8854,8900
나이스정보통신,2020-05-15,15.9322,34200
부방,2020-12-15,15.9785,3230
SK머티리얼즈,2020-12-29,16.0631,375000
하이골드3호,2020-09-02,16.0643,1445
현대중공업지주,2020-06-02,16.1348,327500
대우조선해양,2020-06-02,16.2879,30700
지투알,2020-05-04,16.3082,6490
영신금속,2020-12-11,16.3237,4240
동아지질,2020-04-22,16.3636,19200
경방,2020-05-29,16.4751,15200
모비스,2020-07-29,16.6667,3325
한전KPS,2020-06-04,16.6667,33600
부국증권,2020-10-23,16.7048,25500
GS리테일,2020-05-14,16.775,44900
현대엘리베이,2020-07-02,16.8142,52800
동아타이어,2020-08-05,16.8224,12500
지니언스,2020-12-17,16.8643,8870
에스에스알,2020-05-18,16.8852,7130
동진쎄미켐,2020-08-11,17.0181,38850
성신양회,2020-07-27,17.1004,9450
빅솔론,2020-07-23,17.134,5640
카프로,2020-11-25,17.2886,4715
농심홀딩스,2020-06-17,17.2922,87500
한국맥널티,2020-09-04,17.3611,8450
뉴트리,2020-05-18,17.3684,33450
시공테크,2020-06-02,17.4281,6940
나노,2020-04-14,17.4497,1750
쿠쿠홈시스,2020-08-21,17.4699,48750
현대해상,2020-06-10,17.6471,28000
NPC우,2020-06-19,17.6842,2795
파인테크닉스,2020-08-04,17.7062,5850
우성사료,2020-05-28,17.7143,4120
LG유플러스,2020-05-13,17.7686,14250
전방,2020-10-19,17.8063,41350
피에스케이,2020-12-17,17.8571,42900
우리기술투자,2020-11-24,18.0505,6540
도이치모터스,2020-05-26,18.1081,7866
알루코,2020-08-13,18.1087,5870
휴켐스,2020-11-09,18.1624,27650
삼성화재우,2020-10-26,18.1818,169000
세중,2020-05-29,18.2292,3405
에이루트,2020-11-13,18.2635,7900
휴네시온,2020-09-18,18.3775,7150
삼양옵틱스,2020-04-20,18.3784,10950
동원F&B,2020-05-18,18.4211,225000
옵티시스,2020-09-16,18.527,10300
이랜시스,2020-10-16,18.5804,2840
경동도시가스,2020-09-16,18.5864,22650
대양제지,2020-12-17,18.7117,3870
대동스틸,2020-05-26,18.7384,6400
에스텍,2020-12-29,18.7793,12650
위메이드,2020-11-23,18.8372,51100
KR모터스,2020-12-04,18.9781,1630
대상,2020-08-31,19.057,30300
나무가,2020-09-10,19.1283,24600
디에이치피코리아,2020-12-21,19.3182,9450
미래에셋대우우,2020-08-11,19.3548,5920
한국쉘석유,2020-12-21,19.4332,295000
하림,2020-05-06,19.4539,3500
에코마케팅,2020-09-04,19.4595,33150
태원물산,2020-10-07,19.5755,5070
티웨이항공,2020-11-16,19.5841,3450
서흥,2020-08-20,19.6429,60300
무림페이퍼,2020-12-11,19.8606,3440
한국금융지주우,2020-09-15,19.9372,76400
모헨즈,2020-07-27,19.9591,5860
경동나비엔,2020-09-10,20.0,61800
삼성중공업,2020-06-04,20.1515,7930
엠벤처투자,2020-04-22,20.1717,1400
푸드나무,2020-08-11,20.229,31500
레드캡투어,2020-08-04,20.3704,26000
인천도시가스,2020-09-15,20.4322,30650
한샘,2020-07-15,20.4878,123500
한일홀딩스,2020-12-18,20.5479,13200
삼천리자전거,2020-06-19,20.5645,14950
세명전기,2020-04-21,20.5984,5240
해마로푸드서비스,2020-12-21,20.6304,4210
아세아텍,2020-09-21,20.8272,4090
지에스이,2020-09-17,20.9581,2020
한국내화,2020-05-29,20.9635,4645
남양유업,2020-03-16,20.9814,357500
블루콤,2020-07-29,21.0379,8630
아남전자,2020-12-30,21.0608,3880
화일약품,2020-08-06,21.0884,17800
코드네이처,2020-05-20,21.135,3095
삼호개발,2020-04-22,21.329,5660
특수건설,2020-04-23,21.3528,9150
엠에스씨,2020-10-08,21.3849,5960
오리온,2020-08-14,21.4022,164500
푸드웰,2020-12-16,21.4099,9300
한국전력,2020-12-18,21.4141,30050
큐리언트,2020-09-11,21.4592,42450
대상홀딩스우,2020-08-31,21.5067,10000
네오팜,2020-05-27,21.5152,40100
태웅로직스,2020-12-17,21.5649,6370
아이진,2020-08-05,21.6028,17450
휴비스,2020-08-31,21.6049,9850
티플랙스,2020-07-24,21.7337,4845
기산텔레콤,2020-06-04,21.7699,3440
한솔제지,2020-05-06,21.8519,16450
코리아나,2020-08-19,21.9612,5970
인터로조,2020-05-14,22.1502,26018
동양물산,2020-11-12,22.1854,1845
DB손해보험,2020-05-19,22.2844,54600
도화엔지니어링,2020-04-21,22.3862,9950
다원시스,2020-08-31,22.4921,23396
한국선재,2020-11-18,22.5857,3935
한전산업,2020-12-21,22.6415,5850
해성산업,2020-05-08,22.6496,14350
하이트진로,2020-06-24,22.6858,47050
와이지엔터테인먼트,2020-09-09,22.7181,60500
서한,2020-11-05,22.7425,1835
우양,2020-12-21,22.7769,7870
아이티센,2020-06-08,22.807,7000
케어랩스,2020-06-25,22.8536,14681
레이언스,2020-04-28,22.8916,15300
미래테크놀로지,2020-08-05,23.0678,10350
롯데정밀화학,2020-09-07,23.1481,66500
에이플러스에셋,2020-11-20,23.1623,8880
클리오,2020-05-18,23.1738,24450
LG헬로비전,2020-05-12,23.176,5740
선창산업,2020-10-14,23.2346,5410
원방테크,2020-12-21,23.3083,57400
SBS미디어홀딩스,2020-06-23,23.3333,2405
갤럭시아에스엠,2020-08-07,23.3645,1980
대림B&Co,2020-12-18,23.4317,6690
크리스탈신소재,2020-11-13,23.4463,2185
쎄니트,2020-05-22,23.5955,2200
서산,2020-07-24,23.6791,3160
야스,2020-06-08,23.7736,16400
아이에이네트웍스,2020-06-03,23.8579,2440
뷰웍스,2020-05-15,23.8719,42550
멜파스,2020-12-07,23.9295,2460
남성,2020-11-19,24.0385,5160
하나제약,2020-08-05,24.0938,29100
린드먼아시아,2020-11-25,24.1438,7250
가비아,2020-07-10,24.2718,19200
큐캐피탈,2020-04-21,24.3711,791
하이골드12호,2020-12-07,24.3902,2550
제이브이엠,2020-11-23,24.4475,45050
캠시스,2020-07-30,24.5009,3430
이화산업,2020-06-19,24.5455,20550
JYP Ent,2020-12-03,24.5714,43600
에이텍티앤,2020-08-14,24.5935,30650
위세아이텍,2020-07-29,24.6254,18133
힘스,2020-06-11,24.6667,16830
HDC현대EP,2020-10-14,24.7588,7760
신라젠,2020-03-27,24.7934,15100
영풍정밀,2020-09-08,24.8439,10000
오로라,2020-04-01,24.8736,12350
리드코프,2020-07-28,24.9661,9210
모토닉,2020-09-10,25.0,16250
조광페인트,2020-12-18,25.0,8200
한세엠케이,2020-12-22,25.0344,4545
동양피스톤,2020-09-16,25.0412,7590
슈피겐코리아,2020-09-14,25.1177,79700
휴온스,2020-09-02,25.1243,70445
하이즈항공,2020-12-17,25.2408,6500
유신,2020-04-21,25.2941,21300
케어젠,2020-06-10,25.3731,84000
토비스,2020-11-24,25.3846,9780
서연,2020-11-11,25.4167,15050
에이스침대,2020-05-15,25.4524,52000
오리콤,2020-12-10,25.5009,6890
신영와코루,2020-12-04,25.5274,119000
엠아이텍,2020-10-06,25.5392,5530
E1,2020-09-15,25.5814,51300
대유,2020-07-24,25.5892,18650
TPC,2020-09-18,25.5924,5300
WI,2020-10-13,25.6494,1935
이크레더블,2020-08-07,25.7075,26650
서호전기,2020-09-07,25.7403,27600
CS,2020-09-08,25.7634,3295
우리산업홀딩스,2020-06-01,25.8242,6870
코렌,2020-05-25,25.8333,1208
한국전자인증,2020-05-26,25.8367,9400
TS트릴리온,2020-12-30,25.8521,1957
동원수산,2020-05-28,25.9843,11200
휴온스글로벌,2020-05-08,26.1041,35120
에이트원,2020-05-20,26.1589,7620
롯데손해보험,2020-06-11,26.2537,2140
아이마켓코리아,2020-05-11,26.2741,11150
국동,2020-09-16,26.3158,5280
동국제약,2020-09-10,26.3986,36150
에프에스티,2020-06-26,26.4423,39450
스카이라이프,2020-07-28,26.6272,10700
LS전선아시아,2020-12-18,26.7016,9680
프럼파스트,2020-07-27,26.7081,6120
LS네트웍스,2020-12-21,26.7528,3435
젬백스지오,2020-04-20,26.875,1015
한국콜마홀딩스,2020-07-21,26.8953,35150
대한제분,2020-08-12,26.8966,184000
매일유업,2020-05-14,26.8966,92000
로보로보,2020-06-10,26.9162,7120
파마리서치프로덕트,2020-08-19,26.9608,77700
에스원,2020-08-18,26.9745,104500
대주산업,2020-11-11,26.9978,2940
JW생명과학,2020-06-15,27.0073,26100
버추얼텍,2020-06-18,27.0983,1060
이녹스,2020-12-18,27.1186,15000
메가스터디,2020-03-31,27.1605,15450
예스코홀딩스,2020-12-02,27.193,43500
자이글,2020-11-16,27.2727,4970
디지털대성,2020-12-07,27.3342,9410
라온시큐어,2020-05-21,27.356,4865
유화증권우,2020-09-17,27.451,3250
엑사이엔씨,2020-08-26,27.451,1950
대교우B,2020-03-17,27.4662,3295
대우부품,2020-10-13,27.6438,3440
디앤씨미디어,2020-08-28,27.7092,46550
메디톡스,2020-09-03,27.7663,262943
화성산업,2020-10-16,27.7778,14950
켐트로스,2020-08-12,27.786,8600
그리티,2020-09-09,27.7966,3770
두산인프라코어,2020-09-28,27.8788,10550
재영솔루텍,2020-12-15,27.9548,1245
탑엔지니어링,2020-08-12,28.178,12100
태광,2020-06-02,28.2051,10000
서울가스,2020-12-14,28.2051,115000
한글과컴퓨터,2020-09-15,28.2353,21800
핌스,2020-09-18,28.2353,21800
리노스,2020-04-28,28.2759,1488
에스디시스템,2020-03-18,28.4168,949
조흥,2020-11-30,28.4483,223500
미투온,2020-08-14,28.5515,9230
뉴파워프라즈마,2020-11-02,28.6184,7820
머큐리,2020-07-14,28.6877,12650
핸디소프트,2020-04-20,28.6944,4485
현진소재,2020-03-31,28.75,515
에스티큐브,2020-06-17,28.7736,13650
애니플러스,2020-06-15,28.7926,2080
롯데칠성우,2020-07-21,29.0064,80500
국일제지,2020-04-20,29.0323,7200
티와이홀딩스,2020-09-22,29.0323,32000
영보화학,2020-07-29,29.1202,5210
LS ELECTRIC,2020-09-07,29.2007,79200
대신정보통신,2020-11-17,29.2479,2320
브랜드엑스코퍼레이션,2020-08-28,29.2793,14350
피씨엘,2020-09-23,29.3525,44950
SG세계물산,2020-07-16,29.3706,925
SGC이테크건설,2020-12-29,29.4118,68200
삼양사,2020-08-13,29.4416,76500
배럴,2020-05-08,29.4686,13400
동아에스티,2020-08-06,29.4749,108500
서진시스템,2020-09-07,29.6505,57500
에프엔씨엔터,2020-10-12,29.7203,7420
동우팜투테이블,2020-05-06,29.7994,4530
하이록코리아,2020-06-03,29.932,19100
알리코제약,2020-07-24,30.0083,15601
우원개발,2020-04-22,30.0314,8270
우리이앤엘,2020-12-29,30.1115,1750
흥구석유,2020-04-09,30.1461,9800
메디포스트,2020-12-21,30.1724,45300
우진,2020-11-20,30.2166,5710
NICE평가정보,2020-12-28,30.4721,30400
광전자,2020-10-21,30.5495,2970
STX엔진,2020-12-14,30.6497,9250
KH바텍,2020-08-05,30.6733,26200
SGC에너지,2020-09-21,30.7206,51700
에스엔유,2020-10-20,30.8824,5340
텔코웨어,2020-04-17,31.0044,15000
한국전자금융,2020-05-18,31.0241,8700
한창산업,2020-10-07,31.1258,9900
보라티알,2020-12-17,31.2102,20600
인화정공,2020-12-14,31.3253,8720
인피니트헬스케어,2020-05-15,31.339,9220
대덕,2020-05-21,31.3498,9050
아모레G우,2020-07-03,31.3636,28900
휴젤,2020-10-23,31.3748,230300
더존비즈온,2020-09-08,31.401,136000
하이트진로2우B,2020-06-15,31.4356,26550
코위버,2020-05-08,31.4406,12500
삼성물산우B,2020-10-27,31.4655,152500
오션브릿지,2020-07-09,31.5029,22750
두산우,2020-06-18,31.5245,50900
와이즈버즈,2020-06-22,31.5493,2335
대모,2020-06-03,31.643,6490
천일고속,2020-12-02,31.6923,85600
유아이엘,2020-06-25,31.768,4770
성광벤드,2020-06-03,31.7935,9700
삼화전자,2020-11-27,31.8302,4970
금호산업,2020-11-17,31.8328,12300
아이엘사이언스,2020-08-14,31.9018,4300
동원시스템즈우,2020-09-14,32.0,42900
유수홀딩스,2020-05-28,32.1942,7350
파인텍,2020-06-08,32.2034,1950
상상인증권,2020-05-08,32.3009,1495
콤텍시스템,2020-10-06,32.4503,2000
현대에너지솔루션,2020-09-07,32.5284,46650
앱코,2020-12-09,32.5714,34800
아이텍,2020-09-21,32.6276,10650
다믈멀티미디어,2020-12-29,32.6861,4100
동국산업,2020-09-07,32.7988,4555
SGA,2020-12-08,32.8294,1230
디딤,2020-11-10,32.8395,2690
케이피티유,2020-08-13,32.8413,10800
삼진제약,2020-08-06,32.8542,32350
우리로,2020-05-28,33.1325,2210
한국주철관,2020-05-20,33.1461,11850
성창오토텍,2020-09-15,33.2623,12500
메타바이오메드,2020-09-15,33.2696,3485
에이치시티,2020-12-28,33.2769,17326
에스엠,2020-09-08,33.2784,40450
상상인,2020-05-28,33.2822,8690
현대약품,2020-12-23,33.3333,11000
엠투엔,2020-10-14,33.3333,18000
유니온,2020-07-27,33.4135,11100
한세예스24홀딩스,2020-12-08,33.4197,10300
스타모빌리티,2020-03-16,33.4653,674
대보마그네틱,2020-09-01,33.4764,46650
대상홀딩스,2020-08-26,33.5052,12950
셀트리온,2020-12-07,33.6391,396240
텔레필드,2020-05-27,33.6709,5280
삼화왕관,2020-06-03,33.687,50400
APS홀딩스,2020-08-13,33.6996,10950
HSD엔진,2020-12-14,33.7662,10300
포메탈,2020-06-19,33.7915,5840
창해에탄올,2020-04-29,33.8462,17400
KCI,2020-08-25,33.9001,12600
아이에스이커머스,2020-11-19,33.9189,4955
차바이오텍,2020-06-02,33.9196,26650
케이에스피,2020-06-03,33.9623,2130
풀무원,2020-07-14,34.0237,22650
이지케어텍,2020-09-08,34.153,24550
파나진,2020-08-10,34.1589,6500
한국공항,2020-05-08,34.1615,54000
그린플러스,2020-11-11,34.1667,16100
이엠네트웍스,2020-05-11,34.1912,10950
화인베스틸,2020-06-08,34.2213,3275
에이디테크놀로지,2020-08-04,34.2308,34900
누리텔레콤,2020-09-18,34.2391,9880
진양폴리,2020-11-10,34.2503,4880
아이앤씨,2020-08-21,34.382,5980
대주전자재료,2020-08-27,34.487,54400
한국기업평가,2020-12-28,34.5062,118500
현대사료,2020-05-29,34.6154,19250
한진중공업홀딩스,2020-09-15,34.6253,5210
대구백화점,2020-11-25,34.7403,12450
필옵틱스,2020-09-18,34.8659,17600
ITX-AI,2020-10-13,34.9057,3575
제이엔케이히터,2020-09-07,35.0,10800
KT서브마린,2020-09-07,35.0093,7250
케이아이엔엑스,2020-09-07,35.0614,99000
선데이토즈,2020-06-23,35.1064,31750
파이오링크,2020-10-05,35.1145,17700
비츠로셀,2020-07-30,35.1792,20750
에스에이티,2020-10-13,35.2342,3320
아이비김영,2020-06-26,35.241,2245
광림,2020-11-19,35.2584,2225
노바텍,2020-12-29,35.3028,45800
웹스,2020-07-21,35.3086,2740
대한약품,2020-09-08,35.3191,47700
한진,2020-11-16,35.5278,59700
지엔씨에너지,2020-09-11,35.7627,8010
TBH글로벌,2020-06-04,36.0,2380
부산산업,2020-04-20,36.0784,173500
피씨디렉트,2020-03-16,36.0976,13950
자연과환경,2020-03-31,36.1404,1940
현대리바트,2020-07-15,36.3363,22700
COWON,2020-04-08,36.3636,3900
THE E&M,2020-12-01,36.4055,1480
신성이엔지,2020-11-10,36.4341,4400
아이디스홀딩스,2020-09-18,36.4341,17600
오픈베이스,2020-05-11,36.5609,4090
크라운해태홀딩스우,2020-10-23,36.6197,19400
포시에스,2020-09-16,36.6391,9920
NHN,2020-05-14,36.6856,96500
램테크놀러지,2020-06-05,36.6929,8680
에이블씨엔씨,2020-04-21,36.7089,10800
전진바이오팜,2020-10-21,36.7188,17500
넥스트사이언스,2020-04-10,36.7459,7480
SK가스,2020-10-15,36.7476,129500
디에스케이,2020-10-13,36.8827,8870
한국화장품,2020-05-20,36.9919,16850
평화산업,2020-06-11,37.2727,1510
한솔홈데코,2020-11-09,37.3057,2650
코엔텍,2020-06-05,37.3439,12100
해태제과식품,2020-04-02,37.3955,11500
레고켐바이오,2020-12-30,37.4312,74900
대호에이엘,2020-04-23,37.6,3440
크린앤사이언스,2020-07-13,37.6667,41300
제노레이,2020-08-14,37.6963,13150
신원,2020-05-26,37.7104,2045
아이센스,2020-09-11,37.7246,34500
아이쓰리시스템,2020-05-13,37.7315,29750
웰바이오텍,2020-08-10,37.8709,3950
대원,2020-10-15,37.9127,12950
KG모빌리언스,2020-06-23,38.0,13800
에스코넥,2020-10-16,38.0184,2995
삼일제약,2020-08-06,38.0488,28300
풍국주정,2020-07-01,38.0711,27200
유한양행우,2020-06-09,38.1131,83006
한국화장품제조,2020-08-13,38.3657,49950
파버나인,2020-08-31,38.3764,7500
휴메딕스,2020-07-24,38.5281,32000
케이엠더블유,2020-09-08,38.5449,89500
젬백스링크,2020-06-10,38.5666,2030
효성오앤비,2020-08-10,38.5768,11100
코웨이,2020-08-11,38.633,93300
녹원씨엔아이,2020-08-10,38.6482,8000
다우데이타,2020-07-31,38.6719,17750
코아시아옵틱스,2020-06-22,38.6861,570
KC그린홀딩스,2020-12-17,38.7244,6090
DSR,2020-10-13,38.7337,7450
브이티지엠피,2020-04-20,38.9222,11600
나이스디앤비,2020-08-06,38.9463,13450
일성신약,2020-05-15,38.9563,114500
바이오솔루션,2020-12-04,38.9706,37800
디알텍,2020-05-14,39.1304,2080
푸른기술,2020-04-23,39.1754,14683
코리아써키트,2020-07-27,39.313,18250
조광피혁,2020-06-19,39.3993,78900
빙그레,2020-04-02,39.5147,80500
한국정보통신,2020-05-21,39.5856,12800
코데즈컴바인,2020-06-22,39.6378,3470
삼륭물산,2020-12-16,39.6786,11300
이노와이어리스,2020-09-08,39.7638,71000
제이씨케미칼,2020-11-16,39.8374,8600
롯데지주,2020-04-29,39.8801,46650
호전실업,2020-05-08,39.9038,14550
태평양물산,2020-05-13,40.0,2695
크리스탈지노믹스,2020-08-28,40.1899,22150
에쎈테크,2020-03-31,40.239,1760
JW홀딩스,2020-09-11,40.2806,7000
농심,2020-07-14,40.3846,401500
쎄노텍,2020-06-30,40.5765,3170
에이치엘사이언스,2020-07-03,40.6308,58854
알엔투테크놀로지,2020-07-13,40.634,24400
체리부로,2020-07-15,40.7658,3125
초록뱀,2020-09-28,40.8624,3430
대유플러스,2020-09-15,40.9314,1150
우리기술,2020-11-20,41.1321,1870
전파기지국,2020-05-25,41.1765,6240
인베니아,2020-10-08,41.1765,3600
큐로,2020-05-22,41.1859,881
MH에탄올,2020-04-29,41.198,11550
대호피앤씨,2020-10-30,41.2911,1160
디케이락,2020-10-14,41.3127,18300
코리아써키트2우B,2020-07-31,41.3476,9230
메지온,2020-08-26,41.3959,235000
리더스코스메틱,2020-08-12,41.4634,4930
신화실업,2020-06-19,41.4847,32400
S&K폴리텍,2020-06-04,41.4873,7230
오스템,2020-09-14,41.6252,4270
유앤아이,2020-06-08,41.6667,6290
고려제약,2020-05-27,41.704,15800
한양디지텍,2020-07-29,41.7476,7300
젠큐릭스,2020-06-25,41.7526,27500
다스코,2020-09-09,41.8838,7080
잇츠한불,2020-08-21,41.9065,39450
영흥,2020-11-17,41.9643,1590
네이처셀,2020-04-20,42.0683,14150
아이씨케이,2020-09-01,42.1053,5400
고려산업,2020-08-26,42.1656,5580
코리아센터,2020-11-19,42.3983,13300
플리토,2020-05-27,42.4242,18800
종근당홀딩스,2020-12-18,42.4658,156000
KG이니시스,2020-05-14,42.487,27500
뉴프렉스,2020-10-07,42.5,2850
NICE,2020-05-13,42.6087,24600
한국바이오젠,2020-08-12,42.7732,12150
에이치엘비제약,2020-09-10,42.8571,21500
나노브릭,2020-09-18,43.0556,25750
에스티팜,2020-12-08,43.0639,118600
노루홀딩스우,2020-06-19,43.0818,22750
셀바스헬스케어,2020-09-07,43.0928,3470
SG,2020-08-13,43.257,2815
삼영엠텍,2020-09-08,43.2749,7350
테고사이언스,2020-09-03,43.3526,37200
조비,2020-08-10,43.4053,29900
경농,2020-08-10,43.4783,19800
세기상사,2020-06-22,43.5065,88400
유엔젤,2020-08-28,43.5294,5490
휴맥스홀딩스,2020-10-13,43.5631,5520
코스맥스엔비티,2020-09-03,43.6567,11550
남양유업우,2020-06-18,43.7326,258000
어보브반도체,2020-12-29,43.75,18400
콜마비앤에이치,2020-08-25,43.787,72900
코퍼스코리아,2020-12-16,43.8596,3280
신흥,2020-10-30,44.0,18000
비비씨,2020-09-21,44.0104,27650
지코,2020-03-16,44.1176,441
세진중공업,2020-09-11,44.1301,8201
지엠비코리아,2020-09-15,44.1678,11000
네오위즈,2020-08-07,44.1758,32800
서남,2020-05-22,44.2901,4675
우리넷,2020-05-28,44.2953,12900
대한뉴팜,2020-09-03,44.3439,15950
동성제약,2020-07-24,44.3515,17250
정원엔시스,2020-09-01,44.4142,2650
비에이치,2020-07-16,44.504,26950
윈스,2020-09-11,44.5122,23700
케이엔더블유,2020-10-30,44.5946,10700
인터엠,2020-03-31,44.702,2185
마크로젠,2020-03-27,44.7059,49200
마니커에프앤지,2020-05-07,44.7212,12200
포인트엔지니어링,2020-05-28,44.7326,4465
남화산업,2020-07-07,44.7619,15200
쎌바이오텍,2020-12-23,44.7802,26350
컬러레이,2020-11-10,44.9383,2935
금비,2020-12-29,45.0663,98500
알에프세미,2020-10-14,45.1017,7850
에코바이오,2020-10-14,45.2742,12450
동양고속,2020-06-18,45.3586,34450
마니커,2020-05-06,45.3793,1054
DMS,2020-09-08,45.4112,12200
보락,2020-09-14,45.8333,3150
한프,2020-03-18,45.8333,700
피델릭스,2020-06-23,45.9732,2175
윌링스,2020-11-09,46.0481,21250
SK증권,2020-07-02,46.1111,1315
예스24,2020-12-03,46.1268,20750
우리금융캐피탈,2020-10-21,46.1538,16150
사조씨푸드,2020-10-23,46.2094,8100
NHN한국사이버결제,2020-08-31,46.4017,70346
조일알미늄,2020-12-23,46.4812,895
와이솔,2020-09-10,46.7181,19000
스맥,2020-10-23,46.8571,2570
코너스톤네트웍스,2020-03-16,47.0588,300
한진중공업,2020-09-17,47.0588,10250
동아쏘시오홀딩스,2020-12-04,47.1963,157500
피엔케이피부임상연구센타,2020-09-09,47.2222,31800
제이스텍,2020-05-21,47.2222,10600
국보,2020-05-27,47.2941,3130
JW신약,2020-09-01,47.3171,7248
원풍물산,2020-04-10,47.3451,3330
핸즈코퍼레이션,2020-09-11,47.4852,9970
덕성우,2020-12-02,47.4926,25000
조이시티,2020-12-29,47.541,13500
에스디생명공학,2020-08-27,47.6096,7410
시큐브,2020-05-26,47.6289,2148
나이벡,2020-12-09,47.6621,48950
씨아이테크,2020-07-16,47.7273,1430
바른손,2020-04-13,47.8114,4390
헝셩그룹,2020-05-08,47.9167,923
강원,2020-03-18,48.0,3700
동양,2020-05-18,48.0315,1880
CJ씨푸드,2020-08-31,48.0832,6760
크라운제과우,2020-10-23,48.0952,15550
대한광통신,2020-09-10,48.1805,5090
에이엔피,2020-12-09,48.3108,2195
알테오젠,2020-09-02,48.3409,228000
대아티아이,2020-07-08,48.4053,7910
SK디스커버리,2020-08-14,48.4603,91600
일신석재,2020-04-20,48.5714,2860
주연테크,2020-06-03,48.6111,1605
미코,2020-09-07,48.6207,21550
프로스테믹스,2020-04-07,48.8764,5300
에프앤리퍼블릭,2020-12-21,49.0566,711
깨끗한나라,2020-08-27,49.1905,5990
JW중외제약,2020-08-06,49.2709,44632
미스터블루,2020-07-10,49.7512,15050
상상인인더스트리,2020-06-08,49.7696,1300
가온전선,2020-09-07,49.8807,31400
메타랩스,2020-08-13,50.0,1530
대창솔루션,2020-10-16,50.1104,680
유비쿼스,2020-12-07,50.1193,31450
태림포장,2020-11-30,50.1514,7440
엠에프엠코리아,2020-12-17,50.2427,3095
액트로,2020-07-23,50.4065,14800
이지웰,2020-12-15,50.4065,14800
한화투자증권우,2020-09-03,50.6667,6780
에스앤더블류,2020-11-12,50.6986,3775
유니온머티리얼,2020-07-27,50.7317,6180
태웅,2020-09-07,50.7812,19300
세경하이테크,2020-05-22,50.8274,31900
동양우,2020-10-16,50.9063,9990
다산네트웍스,2020-09-08,50.9709,15550
올릭스,2020-12-03,50.9901,61000
인터플렉스,2020-12-16,51.0204,18500
동일철강,2020-12-29,51.1152,8130
엔에스쇼핑,2020-09-11,51.1628,16250
KEC,2020-12-02,51.1727,3545
아리온,2020-03-16,51.2727,416
브릿지바이오테라퓨틱스,2020-06-03,51.3585,20055
STX,2020-09-03,51.4035,8630
에어부산,2020-11-17,51.4139,5890
알체라,2020-12-28,51.4158,50800
네오크레마,2020-10-06,51.4575,11950
태경케미컬,2020-12-14,51.4815,20450
코디,2020-05-25,51.5152,3000
셀바스AI,2020-05-18,51.5651,4600
더블유게임즈,2020-06-24,51.5901,85800
에이텍,2020-08-14,51.7405,47950
토니모리,2020-04-20,51.8834,12500
두산중공업,2020-11-30,51.9313,17700
옴니시스템,2020-10-23,51.9362,3335
에이치엘비생명과학,2020-09-21,52.0325,18700
오파스넷,2020-12-29,52.1253,6800
남화토건,2020-06-03,52.3207,18050
페이퍼코리아,2020-11-27,52.5054,3500
타이거일렉,2020-12-03,52.5862,17700
미투젠,2020-08-31,52.7083,36650
모바일어플라이언스,2020-10-13,52.7936,6700
셀리드,2020-10-13,52.8302,56700
이원컴포텍,2020-11-09,53.0963,13350
계양전기우,2020-06-18,53.1339,10750
비상교육,2020-03-31,53.1664,10400
녹십자웰빙,2020-09-15,53.252,18850
비나텍,2020-09-14,53.271,65600
리메드,2020-06-11,53.2946,39550
줌인터넷,2020-10-05,53.3081,8110
샘표,2020-05-28,53.3465,77900
큐브엔터,2020-09-01,53.4823,5840
두산퓨얼셀1우,2020-09-14,53.4839,23790
윙입푸드,2020-05-12,53.7037,2075
조아제약,2020-06-08,54.0416,6670
라파스,2020-06-24,54.0594,38900
아시아나IDT,2020-12-01,54.065,37900
삼양식품,2020-06-19,54.185,140000
경남제약헬스케어,2020-03-27,54.2169,5120
유라테크,2020-11-19,54.2601,17200
DRB동일,2020-09-04,54.3478,10650
덴티스,2020-06-22,54.3624,3450
센코,2020-11-26,54.3779,33500
하이트진로홀딩스,2020-06-24,54.5171,24800
일동제약,2020-11-24,54.7401,25300
오공,2020-05-13,55.0468,7450
CSA 코스믹,2020-09-11,55.2901,4550
녹십자셀,2020-12-22,55.3776,67900
일지테크,2020-11-06,55.4974,5940
한국테크놀로지,2020-04-10,55.5085,1835
솔트룩스,2020-07-23,55.7166,48350
비올,2020-11-20,55.7562,3450
대교,2020-03-31,55.8025,6310
이엠코리아,2020-09-15,55.8442,8400
청담러닝,2020-08-28,55.8974,30400
케이피에프,2020-10-15,55.9322,6900
제이준코스메틱,2020-07-17,56.092,3395
오이솔루션,2020-08-07,56.25,72500
광동제약,2020-09-03,56.3232,13350
파인디앤씨,2020-08-12,56.6456,2475
경인양행,2020-06-30,56.6618,10700
제이에스티나,2020-05-26,56.691,3220
휴맥스,2020-08-14,56.6921,7200
케이피에스,2020-05-27,56.8389,25800
메드팩토,2020-09-04,56.9591,134200
엠플러스,2020-09-22,56.9725,20014
에스텍파마,2020-08-26,57.0136,17350
팜스빌,2020-07-15,57.0732,16100
베트남개발1,2020-07-07,57.2052,360
CS홀딩스,2020-06-22,57.2139,94800
파멥신,2020-06-16,57.2165,30500
삼아제약,2020-09-03,57.2368,23900
앱클론,2020-07-23,57.4194,48800
로스웰,2020-05-08,57.7381,530
코스온,2020-05-07,57.9075,6490
아우딘퓨쳐스,2020-04-09,57.9853,3215
미디어젠,2020-12-09,58.1498,17950
CMG제약,2020-12-22,58.3055,7100
디케이티,2020-07-16,58.6118,30850
엠에스오토텍,2020-12-03,58.6902,12600
코디엠,2020-11-25,58.7467,608
안국약품,2020-09-03,58.8462,20650
엘컴텍,2020-04-21,59.0604,2370
디에이테크놀로지,2020-08-11,59.1603,10425
이노인스트루먼트,2020-04-17,59.2998,3640
에스씨디,2020-12-08,59.3333,2390
인프라웨어,2020-11-25,59.6,3990
에스앤에스텍,2020-08-05,59.6413,53400
쏠리드,2020-09-08,59.7065,14150
태양금속우,2020-09-18,59.7315,4760
아미코젠,2020-09-21,59.9034,49650
메가엠디,2020-08-27,60.1542,6230
빅히트,2020-10-15,60.274,351000
이씨에스,2020-12-16,60.2837,11300
한독,2020-08-05,60.3943,44750
제이앤티씨,2020-05-18,60.396,16200
코스나인,2020-09-29,60.4478,2150
아스타,2020-09-08,60.4869,8570
판타지오,2020-04-20,60.502,1215
세화피앤씨,2020-06-16,60.6599,6330
에스앤씨엔진그룹,2020-03-16,60.9137,317
우진비앤지,2020-07-27,61.0487,4300
성우테크론,2020-08-21,61.2082,8673
홈캐스트,2020-06-02,61.2847,4645
퓨전,2020-03-18,61.4458,3350
신풍제지,2020-12-07,61.5873,5090
삼양사우,2020-07-29,62.0773,67100
아톤,2020-05-26,62.1053,38500
한익스프레스,2020-12-08,62.1311,9890
윈텍,2020-07-30,62.1521,4370
유유제약,2020-07-24,62.2517,24500
소프트센,2020-05-11,62.3932,2850
비케이탑스,2020-11-25,62.5,20150
지엔코,2020-04-01,62.7907,1610
이그잭스,2020-06-10,62.7986,2385
에스퓨얼셀,2020-07-13,62.8145,53973
영림원소프트랩,2020-09-08,62.8253,21900
아이티엠반도체,2020-05-27,62.9956,74000
넵튠,2020-12-04,63.0189,43200
아이디스,2020-08-03,63.1179,42900
이엔플러스,2020-06-23,63.3406,7530
에이스테크,2020-09-08,63.3641,35450
KC코트렐,2020-12-11,63.4265,13450
종근당,2020-12-21,63.4472,273774
새로닉스,2020-12-18,63.4905,16300
디지틀조선,2020-08-14,63.5088,4660
오텍,2020-12-21,63.5338,21750
아난티,2020-05-08,63.6245,12550
SK디앤디,2020-09-07,63.6364,60300
대봉엘에스,2020-09-03,63.9676,16200
동일고무벨트,2020-09-03,64.1425,14740
이월드,2020-04-07,64.1791,6050
신성통상,2020-08-03,64.2857,2645
SCI평가정보,2020-09-25,64.455,6940
OQP,2020-08-13,64.877,7370
모다이노칩,2020-10-14,64.9485,5600
파미셀,2020-05-29,64.9842,26150
SK케미칼우,2020-08-14,65.0794,260000
이라이콤,2020-12-29,65.1163,17750
부산주공,2020-11-16,65.1446,1085
테라젠이텍스,2020-09-15,65.3409,14550
자비스,2020-12-08,65.7143,3770
에이프로,2020-07-17,65.7444,62900
KG동부제철,2020-06-11,65.7588,21300
삼천당제약,2020-12-22,65.8579,95700
보광산업,2020-08-28,66.0952,8720
쌍방울,2020-08-05,66.1367,1045
이노메트리,2020-08-04,66.2125,30500
엔피디,2020-05-25,66.2469,6600
일진다이아,2020-09-21,66.3507,70200
조선선재,2020-06-22,66.3793,193000
KMH,2020-12-21,66.4122,21800
슈프리마,2020-06-04,66.4151,44100
에이치엘비,2020-09-21,66.4224,66985
화천기계,2020-05-08,66.4706,4245
버킷스튜디오,2020-11-09,66.573,2965
에스폴리텍,2020-09-14,66.6667,9000
부국철강,2020-07-06,66.8305,6790
소프트캠프,2020-12-18,66.9368,5150
시티랩스,2020-11-19,67.0092,1625
이연제약,2020-11-20,67.0756,28737
제이티,2020-11-25,67.3004,13200
유바이오로직스,2020-08-04,67.5797,33097
카이노스메드,2020-08-05,67.6214,6730
넷마블,2020-09-07,67.623,204500
뉴지랩,2020-05-15,67.6724,19450
와이엠씨,2020-09-14,67.7704,15200
엘앤씨바이오,2020-10-06,67.8511,51866
노루페인트우,2020-06-19,68.0,21000
삼화페인트,2020-12-21,68.2008,20100
에스와이,2020-12-14,68.2657,6840
안트로젠,2020-06-11,68.2785,87000
효성ITX,2020-09-02,68.3417,33500
나무기술,2020-04-23,68.3478,4840
부광약품,2020-07-21,68.4634,42537
기가레인,2020-12-23,68.5185,3185
에스에너지,2020-09-09,68.5855,10250
지트리비앤티,2020-12-29,68.593,33550
한국정보인증,2020-12-02,68.6567,11300
하이트진로홀딩스우,2020-06-18,68.7075,24800
링네트,2020-12-21,68.7307,10900
큐로홀딩스,2020-04-01,68.7719,962
국영지앤엠,2020-11-02,68.7831,4785
한창제지,2020-03-31,68.9218,3995
티사이언티픽,2020-09-01,69.1198,5860
한국알콜,2020-08-03,69.4656,22200
바이브컴퍼니,2020-11-06,69.4683,49400
베노홀딩스,2020-08-21,69.6948,11675
한화솔루션우,2020-09-10,69.7258,96574
코스맥스비티아이,2020-07-17,69.9367,26850
마이크로디지탈,2020-09-11,70.0935,27300
동양3우B,2020-06-12,70.1461,40750
홈센타홀딩스,2020-07-31,70.2618,1626
비트컴퓨터,2020-07-14,70.4918,15600
이노와이즈,2020-04-08,70.8185,2400
강스템바이오텍,2020-06-25,70.8211,11650
육일씨엔에쓰,2020-10-21,70.8266,5270
지놈앤컴퍼니,2020-12-23,71.1712,95000
제이엘케이,2020-09-15,71.3542,16450
이글벳,2020-12-09,71.6515,13200
SK디스커버리우,2020-08-14,71.82,87800
서원,2020-06-29,71.9165,4530
휘닉스소재,2020-12-16,71.9484,1465
유양디앤유,2020-03-18,72.1311,2100
넥슨지티,2020-08-07,72.4528,22850
W홀딩컴퍼니,2020-10-07,72.524,540
이루다,2020-08-06,72.6937,23400
유유제약1우,2020-07-24,72.695,24350
미래산업,2020-03-31,72.7216,5553
코다코,2020-06-23,72.8889,1945
엔지켐생명과학,2020-08-07,73.4522,184900
삼부토건,2020-11-17,73.7143,6080
상지카일룸,2020-06-11,73.7589,2450
에스맥,2020-08-27,73.8983,2565
한국정밀기계,2020-05-04,74.6528,2515
KNN,2020-08-27,74.7826,3015
드래곤플라이,2020-11-10,74.7967,4300
카카오게임즈,2020-09-14,75.0491,89100
나노신소재,2020-08-11,75.1678,52200
에이치엘비파워,2020-09-21,75.2381,1840
동신건설,2020-12-24,75.5585,66800
에이아이비트,2020-03-16,75.6906,318
대한전선,2020-11-30,75.7451,1710
디피씨,2020-09-01,75.9036,21900
셀트리온제약,2020-12-28,76.0779,268871
범양건영,2020-08-12,76.0797,7950
이수페타시스,2020-09-10,76.3314,5960
아이디피,2020-08-24,76.5799,14250
SV인베스트먼트,2020-10-23,76.8834,8570
비보존 헬스케어,2020-10-14,77.0642,2895
에프알텍,2020-09-08,77.1037,9050
알티캐스트,2020-10-08,77.7143,3110
동국S&C,2020-09-07,77.7251,11250
넥스트아이,2020-10-14,77.9528,2260
삼본전자,2020-12-01,78.1513,2120
알에프텍,2020-09-02,78.1818,14700
티엘비,2020-12-14,78.2201,76100
바이오리더스,2020-05-12,78.2236,8929
샘코,2020-03-16,78.66,3600
메디아나,2020-05-14,78.7004,24750
제일바이오,2020-08-06,78.7975,11300
솔브레인홀딩스,2020-08-07,79.0323,77700
서울제약,2020-09-04,79.5735,16000
위드텍,2020-11-06,80.3204,78800
한올바이오파마,2020-09-07,80.4301,41950
유비쿼스홀딩스,2020-06-10,80.7095,40750
한창,2020-04-21,80.8,2260
제일파마홀딩스,2020-11-11,80.8219,33000
에이비엘바이오,2020-08-05,80.8559,40150
코오롱머티리얼,2020-09-16,80.9375,5790
STX중공업,2020-09-09,81.5427,6590
비디아이,2020-06-01,81.7227,17300
바른손이앤에이,2020-04-13,81.7241,2635
동양2우B,2020-07-29,81.7797,21450
뉴보텍,2020-07-21,81.7857,2545
KG동부제철우,2020-06-18,81.8182,210000
서울식품우,2020-12-07,81.9961,9300
엔에스,2020-09-17,82.0896,18300
경보제약,2020-12-22,82.2581,22600
시노펙스,2020-08-06,83.2447,6890
금양,2020-12-17,83.3137,7800
제놀루션,2020-08-04,83.391,53000
서울바이오시스,2020-08-27,83.4983,27800
이지홀딩스,2020-06-09,83.6327,9200
와이팜,2020-07-31,83.6364,20200
아이스크림에듀,2020-03-31,83.7388,14350
한진칼,2020-04-20,84.0796,111000
액트,2020-06-08,84.466,8550
대화제약,2020-09-01,84.739,23000
대양금속,2020-05-27,84.7969,7050
경동제약,2020-07-24,84.8485,18300
대정화금,2020-11-25,85.0379,48850
종근당바이오,2020-12-18,85.07,119000
유비케어,2020-07-14,85.0932,14900
한송네오텍,2020-12-02,85.0993,2795
신신제약,2020-07-24,85.625,14850
멕아이씨에스,2020-08-07,86.0309,24091
진흥기업2우B,2020-09-18,86.2348,23000
SDN,2020-10-14,86.3192,5720
한탑,2020-12-01,86.4935,3590
GH신소재,2020-12-04,86.747,12400
아시아나항공,2020-11-17,86.8805,29714
금호산업우,2020-11-17,86.901,58500
인트로메딕,2020-12-02,87.2146,4100
디자인,2020-08-24,87.4279,16250
MP한강,2020-12-04,87.4419,2015
메디앙스,2020-03-16,87.8531,13300
코닉글로리,2020-09-08,87.963,4060
케이엠제약,2020-08-24,88.3239,5000
두산퓨얼셀2우B,2020-06-15,88.7446,34729
인콘,2020-12-03,88.7967,4550
포비스티앤씨,2020-04-10,88.7975,1837
넥센우,2020-06-19,88.8136,5570
롯데지주우,2020-06-23,88.9831,111500
씨티씨바이오,2020-06-25,89.2562,11450
경남제약,2020-08-31,89.2655,13400
아시아종묘,2020-11-26,89.4737,10800
에치에프알,2020-09-08,89.5583,45494
엠브레인,2020-07-01,89.7849,17650
엘이티,2020-06-24,89.8305,28000
스킨앤스킨,2020-05-13,90.1141,500
플레이위드,2020-05-25,90.3409,16750
신도기연,2020-07-06,90.7514,33000
비씨월드제약,2020-03-31,90.9605,33800
케이엠,2020-05-25,91.0179,21394
켐온,2020-11-19,91.2281,6540
스카이이앤엠,2020-09-08,91.3295,3310
남선알미늄,2020-04-06,91.5966,7980
이더블유케이,2020-04-17,91.7421,16950
바이온,2020-11-09,91.8605,2475
시너지이노베이션,2020-09-18,91.9192,5700
일야,2020-04-23,91.9708,1315
씨케이에이치,2020-12-10,92.3588,579
CJ씨푸드1우,2020-06-19,92.5134,72000
메디프론,2020-08-11,92.7007,6600
진양제약,2020-09-04,92.7609,11450
조이맥스,2020-05-18,92.9084,7263
금호전기,2020-10-05,93.1298,5060
대원제약,2020-07-24,93.2188,30915
이에스에이,2020-03-16,93.2203,570
지더블유바이텍,2020-03-16,93.7759,2335
유니슨,2020-09-09,94.1104,7910
제넥신,2020-08-27,94.1837,190300
펩트론,2020-06-24,94.2715,29335
솔루스첨단소재1우,2020-06-15,94.3709,29350
신풍제약,2020-09-21,94.5455,214000
셀레믹스,2020-08-25,94.5679,39400
디에스티,2020-03-16,94.5946,720
지노믹트리,2020-03-31,94.6058,23450
데이타솔루션,2020-09-08,94.6309,11600
대덕1우,2020-10-26,94.7174,15850
웰크론,2020-08-21,94.8617,9860
인바이오,2020-12-21,95.102,23900
녹십자엠에스,2020-09-08,95.5882,19950
이미지스,2020-07-13,95.6938,4090
영진약품,2020-09-08,96.0184,12800
투비소프트,2020-12-08,96.1165,4040
한국유니온제약,2020-11-12,96.1538,25500
이엑스티,2020-09-25,96.7366,4220
이퓨쳐,2020-10-20,97.0,19700
한국팩키지,2020-12-21,97.1334,8940
에이프로젠 H&G,2020-04-28,97.861,1480
스타플렉스,2020-06-22,97.9899,9850
세종메디칼,2020-09-01,98.0392,20200
디알젬,2020-07-20,98.0843,25850
지엘팜텍,2020-12-21,98.3402,2390
코아스템,2020-08-26,98.5549,34350
제일전기공업,2020-11-26,98.5816,42000
엔에스엔,2020-04-14,98.5866,2810
아이엠텍,2020-04-02,98.5981,425
바이넥스,2020-08-31,98.9899,39400
한일단조,2020-06-19,99.7429,3885
퍼스텍,2020-06-19,99.7959,4895
국전약품,2020-12-30,100.0,13500
이노테라피,2020-12-03,100.722,27800
인디에프,2020-06-04,101.1407,2645
명성티엔에스,2020-09-22,101.4115,18550
소룩스,2020-11-10,101.6432,42950
제테마,2020-08-05,101.9178,36850
유유제약2우B,2020-08-12,102.2222,72800
마이더스AI,2020-04-29,102.8302,1075
유나이티드제약,2020-09-08,102.8986,112000
GRT,2020-04-17,102.9443,1930
모나리자,2020-04-08,103.0468,9330
명문제약,2020-12-22,103.9931,11750
국제약품,2020-08-20,104.402,16577
지스마트글로벌,2020-03-17,104.8387,1270
일신바이오,2020-12-09,104.9911,11500
바이오니아,2020-08-19,105.2478,35200
체시스,2020-10-12,106.262,3228
빅텍,2020-06-19,106.5369,14850
해성옵틱스,2020-07-24,106.5574,2520
제낙스,2020-03-16,106.5831,32950
넥스트BT,2020-10-16,106.6667,2945
세원셀론텍,2020-12-16,107.2727,3990
우수AMS,2020-10-29,108.0696,13150
티앤엘,2020-11-20,108.3333,80000
더블유에스아이,2020-12-04,108.6331,5800
THE MIDONG,2020-10-13,109.3923,3790
오가닉티코스메틱,2020-04-27,109.6531,1390
현대바이오랜드,2020-05-19,110.1075,48850
한진칼우,2020-06-19,110.1611,84800
피플바이오,2020-11-06,110.2503,88200
아이오케이,2020-11-24,110.566,2790
오스코텍,2020-12-08,110.6038,71500
바디텍메드,2020-10-14,111.1702,39700
한일진공,2020-10-13,111.2676,2250
YBM넷,2020-08-28,111.4286,14800
소마젠(Reg.S),2020-11-23,112.3552,27500
대원전선우,2020-07-03,112.4272,5470
일정실업,2020-10-22,112.5874,30400
큐로컴,2020-04-01,112.7148,3095
감마누,2020-08-18,112.9905,7870
깨끗한나라우,2020-08-20,113.1868,38800
모아텍,2020-10-19,114.0271,23650
에프앤가이드,2020-12-17,114.5669,16350
플레이디,2020-05-20,114.6199,18350
인성정보,2020-05-07,114.9091,4728
태영건설우,2020-09-25,115.0862,24950
교촌에프앤비,2020-11-13,115.7895,38950
인바이오젠,2020-11-09,116.0665,7800
SK우,2020-06-17,116.4609,526000
골드퍼시픽,2020-05-07,116.7969,2775
쎄미시스코,2020-05-12,116.9179,12950
대한과학,2020-12-09,117.1429,30400
우리바이오,2020-12-03,118.6147,10100
KPX홀딩스,2020-11-13,118.9142,125000
에이팸,2020-03-16,119.1646,4460
비비안,2020-05-28,119.5846,7400
드림텍,2020-08-04,121.0451,21574
위더스제약,2020-07-03,122.0109,40850
모나미,2020-08-03,122.2222,10500
드림씨아이에스,2020-05-22,122.291,35900
금호에이치티,2020-09-01,122.5446,4985
톱텍,2020-05-21,122.7642,27400
씨유메디칼,2020-08-25,123.6979,4295
한화우,2020-06-18,123.75,89500
쌍용차,2020-09-15,123.8267,6200
에이프로젠 KIC,2020-04-28,124.356,4790
바이오톡스텍,2020-11-25,124.8491,22350
네오펙트,2020-06-26,125.2508,6735
한양증권우,2020-10-23,125.8786,35350
성문전자우,2020-10-15,126.7157,18500
나노엔텍,2020-09-08,127.0862,16600
티에스아이,2020-07-17,127.234,26700
대웅제약,2020-12-22,127.381,286500
성신양회우,2020-07-28,127.5304,28100
휴니드,2020-06-19,127.5495,14950
피피아이,2020-06-26,127.6051,12450
명신산업,2020-12-22,128.2528,61400
휴림로봇,2020-11-24,128.3654,2375
한솔인티큐브,2020-05-18,129.5552,8000
KD,2020-10-07,130.0429,2680
테라셈,2020-06-25,132.1429,5200
에이프로젠제약,2020-04-28,133.3621,2707
신원우,2020-06-30,133.4764,81600
메디콕스,2020-10-07,133.75,3740
동화약품,2020-08-11,134.3537,34450
우정바이오,2020-08-26,134.5483,14800
얼라인드,2020-08-05,135.5212,18300
한스바이오메드,2020-09-11,136.5957,27800
파루,2020-09-10,136.7893,3540
제이엠아이,2020-03-16,137.9032,2950
MP그룹,2020-12-07,137.9888,2130
텔콘RF제약,2020-09-24,138.3268,12250
두산2우B,2020-06-19,138.342,138000
대호피앤씨우,2020-11-02,138.5827,3030
흥국화재2우B,2020-04-03,140.75,48150
세미콘라이트,2020-12-02,140.8511,2830
에이티세미콘,2020-09-01,141.573,1290
앤디포스,2020-10-14,143.6195,10500
SK바이오팜,2020-07-07,145.0,269500
슈펙스비앤피,2020-04-21,145.0617,397
큐브앤컴퍼니,2020-07-20,145.1791,4450
씨젠,2020-08-10,145.9542,322200
이큐셀,2020-03-16,146.129,763
금강공업우,2020-09-16,146.2222,27700
SK증권우,2020-07-02,146.4213,12050
한성기업,2020-07-14,149.375,19950
서울리거,2020-04-10,149.4553,2290
엔젠바이오,2020-12-15,150.9202,40900
EDGC,2020-03-31,151.0526,23850
팍스넷,2020-03-16,151.7401,2170
우리들휴브레인,2020-08-31,152.5292,6490
엘아이에스,2020-12-16,152.7985,13550
대웅,2020-12-22,153.8799,86700
레몬,2020-04-08,154.1073,23200
스튜디오산타클로스,2020-05-29,154.4118,5190
케이피엠테크,2020-09-25,157.2414,7460
동부건설우,2020-07-09,161.4699,58700
신풍제약우,2020-09-04,162.9108,280000
현대건설우,2020-06-24,163.2184,458000
제노포커스,2020-09-23,163.9836,19350
엔케이물산,2020-04-10,164.4248,1494
코오롱글로벌우,2020-09-02,168.1564,72000
좋은사람들,2020-03-31,169.1244,2920
경남바이오파마,2020-06-12,169.697,7120
시스웍,2020-11-04,170.0252,5360
바이오스마트,2020-08-11,171.7391,16250
엑스큐어,2020-04-10,173.3888,13150
코오롱생명과학,2020-04-17,173.6842,52000
솔루스첨단소재2우B,2020-06-15,174.812,73100
JW중외제약2우B,2020-08-13,175.5864,170588
삼성중공우,2020-06-19,175.8621,960000
알서포트,2020-08-28,175.9627,23650
에코마이스터,2020-04-28,177.4394,4009
컨버즈,2020-03-16,178.0488,11400
코미팜,2020-03-27,178.0952,29200
옵티팜,2020-08-21,179.3722,31150
매직마이크로,2020-05-11,181.5603,794
액토즈소프트,2020-09-01,182.9638,24250
헬릭스미스,2020-06-02,185.0916,71558
제넨바이오,2020-08-27,185.4605,4339
제일약품,2020-11-11,189.8904,119000
소프트센우,2020-06-19,195.3722,73400
소리바다,2020-04-13,200.7353,818
진흥기업우B,2020-10-16,200.8264,18200
남선알미우,2020-07-03,201.8135,116500
엔시트론,2020-05-04,202.7466,2425
일양약품,2020-07-21,203.4188,106500
세화아이엠씨,2020-05-27,203.9933,1827
오상자이엘,2020-04-08,206.525,20200
녹십자홀딩스2우,2020-08-06,207.6099,287000
이스트아시아홀딩스,2020-08-31,207.9439,659
라이브플렉스,2020-06-25,208.5461,13900
휴마시스,2020-08-04,209.5238,18850
신테카바이오,2020-10-05,210.1911,48700
티와이홀딩스우,2020-09-22,213.0631,69500
DB하이텍1우,2020-09-16,213.4884,337000
SK네트웍스우,2020-07-02,220.2765,347500
랩지노믹스,2020-07-31,230.2857,57800
자안,2020-05-06,232.0856,1242
미코바이오메드,2020-07-24,232.3529,33900
동방선기,2020-11-17,239.3189,5480
크루셜텍,2020-04-07,245.0476,3623
진매트릭스,2020-11-20,246.3415,35500
JW중외제약우,2020-08-12,263.6273,117088
진원생명과학,2020-09-22,267.1815,47550
릭스솔루션,2020-09-22,268.932,1900
우리들제약,2020-08-21,270.187,33650
맥스로텍,2020-10-07,273.9837,4600
KPX생명과학,2020-11-13,274.8622,34000
흥국화재우,2020-10-21,280.2817,29700
센트럴인사이트,2020-11-11,286.5199,14050
에이비프로바이오,2020-11-26,293.5185,3400
신일제약,2020-07-23,295.2587,56522
장원테크,2020-09-23,307.0295,3590
이디티,2020-06-22,310.0877,2805
엔투텍,2020-11-17,311.3636,9050
유테크,2020-09-23,311.5607,7120
필로시스헬스케어,2020-09-09,323.3261,9800
수젠텍,2020-09-08,325.89,65800
엑세스바이오,2020-08-21,326.4407,62900
UCI,2020-03-30,354.7146,3665
코센,2020-04-14,357.4586,4140
한국코퍼레이션,2020-03-16,376.9504,1345
일양약품우,2020-07-21,390.4552,167000
제이웨이,2020-04-24,433.7662,1644
웨이브일렉트로,2020-03-16,520.5,17374
디엔에이링크,2020-10-13,549.1434,32587
GV,2020-03-18,656.0606,2495
